"Lego Part","Lego Set"
"Technic - Black - Plastic - Functional","Star Wars"
"Vehicle - Blue - Plastic - Transportation","Technic"
"Fence - Gold - Plastic - Barrier","Star Wars"
"Wheel - Gray - Plastic - Vehicle","Creator"
"Plant - Green - Plastic - Landscape","Disney"
"Technic - Black - Plastic - Functional","City"
"Brick - Red - Plastic - Basic","Architecture"
"Brick - Red - Plastic - Basic","Dots"
"Flag - Bronze - Fabric - Decoration","City"
"Animal - Brown - Plastic - Creature","Architecture"
"Slope - White - Plastic - Structural","Dots"
"Slope - White - Plastic - Structural","Disney"
"Brick - Red - Plastic - Basic","Harry Potter"
"Animal - Brown - Plastic - Creature","Technic"
"Technic - Black - Plastic - Functional","Architecture"
"Brick - Red - Plastic - Basic","Space"
"Tile - Yellow - Plastic - Decorative","Speed Champions"
"Plate - Blue - Plastic - Basic","Dots"
"Technic - Black - Plastic - Functional","Ninjago"
"Plant - Green - Plastic - Landscape","Dots"
"Flag - Bronze - Fabric - Decoration","Star Wars"
"Tool - Black - Plastic - Utility","Technic"
"Plant - Green - Plastic - Landscape","Space"
"Flag - Bronze - Fabric - Decoration","Star Wars"
"Panel - Orange - Plastic - Wall","Star Wars"
"Door - Translucent - Plastic - Entry","Harry Potter"
"Technic - Black - Plastic - Functional","Minecraft"
"Roof Tile - Silver - Plastic - Roofing","Dots"
"Wheel - Gray - Plastic - Vehicle","Jurassic World"
"Brick - Red - Plastic - Basic","DC Super Heroes"
"Door - Translucent - Plastic - Entry","Jurassic World"
"Beam - Tan - Plastic - Building","Space"
"Panel - Orange - Plastic - Wall","Disney"
"Beam - Tan - Plastic - Building","City"
"Plate - Blue - Plastic - Basic","Marvel Super Heroes"
"Animal - Brown - Plastic - Creature","Creator"
"Window - Transparent - Plastic - Accessory","Architecture"
"Beam - Tan - Plastic - Building","Speed Champions"
"Window - Transparent - Plastic - Accessory","Pirates"
"Wheel - Gray - Plastic - Vehicle","Classic"
"Weapon - Gray - Plastic - Combat","Education"
"Brick - Red - Plastic - Basic","Disney"
"Brick - Red - Plastic - Basic","Friends"
"Vehicle - Blue - Plastic - Transportation","Education"
"Brick - Red - Plastic - Basic","DC Super Heroes"
"Weapon - Gray - Plastic - Combat","DC Super Heroes"
"Roof Tile - Silver - Plastic - Roofing","Classic"
"Weapon - Gray - Plastic - Combat","Minecraft"
"Tile - Yellow - Plastic - Decorative","DC Super Heroes"
"Window - Transparent - Plastic - Accessory","DC Super Heroes"
"Wheel - Gray - Plastic - Vehicle","Minecraft"
"Animal - Brown - Plastic - Creature","Architecture"
"Wheel - Gray - Plastic - Vehicle","Marvel Super Heroes"
"Brick - Red - Plastic - Basic","Ideas"
"Window - Transparent - Plastic - Accessory","City"
"Flag - Bronze - Fabric - Decoration","Marvel Super Heroes"
"Slope - White - Plastic - Structural","Classic"
"Tool - Black - Plastic - Utility","Technic"
"Plant - Green - Plastic - Landscape","Harry Potter"
"Tile - Yellow - Plastic - Decorative","Speed Champions"
"Panel - Orange - Plastic - Wall","Education"
"Beam - Tan - Plastic - Building","DC Super Heroes"
"Plate - Blue - Plastic - Basic","Star Wars"
"Flag - Bronze - Fabric - Decoration","Ideas"
"Fence - Gold - Plastic - Barrier","Technic"
"Flag - Bronze - Fabric - Decoration","Architecture"
"Wheel - Gray - Plastic - Vehicle","Education"
"Fence - Gold - Plastic - Barrier","Technic"
"Fence - Gold - Plastic - Barrier","Disney"
"Weapon - Gray - Plastic - Combat","Jurassic World"
"Axle - Brown - Plastic - Mechanical","Jurassic World"
"Flag - Bronze - Fabric - Decoration","Dots"
"Technic - Black - Plastic - Functional","Marvel Super Heroes"
"Door - Translucent - Plastic - Entry","Harry Potter"
"Roof Tile - Silver - Plastic - Roofing","DC Super Heroes"
"Tool - Black - Plastic - Utility","Minecraft"
"Flag - Bronze - Fabric - Decoration","Dots"
"Brick - Red - Plastic - Basic","Architecture"
"Door - Translucent - Plastic - Entry","Disney"
"Axle - Brown - Plastic - Mechanical","Marvel Super Heroes"
"Flag - Bronze - Fabric - Decoration","Harry Potter"
"Flag - Bronze - Fabric - Decoration","Ideas"
"Minifigure - Green - Plastic - Character","Technic"
"Flag - Bronze - Fabric - Decoration","Ninjago"
"Weapon - Gray - Plastic - Combat","Creator"
"Tile - Yellow - Plastic - Decorative","DC Super Heroes"
"Tile - Yellow - Plastic - Decorative","Jurassic World"
"Weapon - Gray - Plastic - Combat","Technic"
"Slope - White - Plastic - Structural","Friends"
"Beam - Tan - Plastic - Building","Harry Potter"
"Wheel - Gray - Plastic - Vehicle","Friends"
"Weapon - Gray - Plastic - Combat","Disney"
"Fence - Gold - Plastic - Barrier","Ninjago"
"Axle - Brown - Plastic - Mechanical","Pirates"
"Tool - Black - Plastic - Utility","Friends"
"Roof Tile - Silver - Plastic - Roofing","Star Wars"
"Technic - Black - Plastic - Functional","Harry Potter"
"Slope - White - Plastic - Structural","Ideas"
"Slope - White - Plastic - Structural","Technic"
"Fence - Gold - Plastic - Barrier","Marvel Super Heroes"
"Door - Translucent - Plastic - Entry","Ideas"
"Tile - Yellow - Plastic - Decorative","Classic"
"Door - Translucent - Plastic - Entry","Architecture"
"Roof Tile - Silver - Plastic - Roofing","Education"
"Fence - Gold - Plastic - Barrier","Harry Potter"
"Fence - Gold - Plastic - Barrier","Marvel Super Heroes"
"Animal - Brown - Plastic - Creature","DC Super Heroes"
"Minifigure - Green - Plastic - Character","Space"
"Tile - Yellow - Plastic - Decorative","Speed Champions"
"Technic - Black - Plastic - Functional","Creator"
"Weapon - Gray - Plastic - Combat","Dots"
"Window - Transparent - Plastic - Accessory","Star Wars"
"Window - Transparent - Plastic - Accessory","Minecraft"
"Brick - Red - Plastic - Basic","Ideas"
"Brick - Red - Plastic - Basic","Ideas"
"Plant - Green - Plastic - Landscape","Harry Potter"
"Roof Tile - Silver - Plastic - Roofing","DC Super Heroes"
"Slope - White - Plastic - Structural","Marvel Super Heroes"
"Animal - Brown - Plastic - Creature","Minecraft"
"Axle - Brown - Plastic - Mechanical","City"
"Tool - Black - Plastic - Utility","Dots"
"Brick - Red - Plastic - Basic","Speed Champions"
"Roof Tile - Silver - Plastic - Roofing","Disney"
"Plant - Green - Plastic - Landscape","DC Super Heroes"
"Door - Translucent - Plastic - Entry","Architecture"
"Brick - Red - Plastic - Basic","Dots"
"Plant - Green - Plastic - Landscape","Dots"
"Slope - White - Plastic - Structural","Creator"
"Fence - Gold - Plastic - Barrier","Education"
"Slope - White - Plastic - Structural","Disney"
"Axle - Brown - Plastic - Mechanical","Creator"
"Flag - Bronze - Fabric - Decoration","Creator"
"Door - Translucent - Plastic - Entry","Ideas"
"Animal - Brown - Plastic - Creature","DC Super Heroes"
"Roof Tile - Silver - Plastic - Roofing","Ideas"
"Weapon - Gray - Plastic - Combat","Jurassic World"
"Roof Tile - Silver - Plastic - Roofing","Education"
"Flag - Bronze - Fabric - Decoration","Jurassic World"
"Tile - Yellow - Plastic - Decorative","Ideas"
"Slope - White - Plastic - Structural","Disney"
"Beam - Tan - Plastic - Building","Pirates"
"Plate - Blue - Plastic - Basic","Pirates"
"Window - Transparent - Plastic - Accessory","Education"
"Fence - Gold - Plastic - Barrier","DC Super Heroes"
"Beam - Tan - Plastic - Building","Star Wars"
"Window - Transparent - Plastic - Accessory","DC Super Heroes"
"Axle - Brown - Plastic - Mechanical","Ideas"
"Wheel - Gray - Plastic - Vehicle","City"
"Animal - Brown - Plastic - Creature","Space"
"Roof Tile - Silver - Plastic - Roofing","Technic"
"Beam - Tan - Plastic - Building","Harry Potter"
"Axle - Brown - Plastic - Mechanical","Speed Champions"
"Wheel - Gray - Plastic - Vehicle","Classic"
"Slope - White - Plastic - Structural","Minecraft"
"Technic - Black - Plastic - Functional","Pirates"
"Brick - Red - Plastic - Basic","Minecraft"
"Brick - Red - Plastic - Basic","Creator"
"Technic - Black - Plastic - Functional","Technic"
"Vehicle - Blue - Plastic - Transportation","Creator"
"Vehicle - Blue - Plastic - Transportation","Space"
"Animal - Brown - Plastic - Creature","Creator"
"Axle - Brown - Plastic - Mechanical","Marvel Super Heroes"
"Minifigure - Green - Plastic - Character","Technic"
"Weapon - Gray - Plastic - Combat","Ninjago"
"Weapon - Gray - Plastic - Combat","Education"
"Vehicle - Blue - Plastic - Transportation","Architecture"
"Panel - Orange - Plastic - Wall","Dots"
"Brick - Red - Plastic - Basic","Friends"
"Panel - Orange - Plastic - Wall","Marvel Super Heroes"
"Tile - Yellow - Plastic - Decorative","Disney"
"Door - Translucent - Plastic - Entry","Harry Potter"
"Animal - Brown - Plastic - Creature","Dots"
"Window - Transparent - Plastic - Accessory","Star Wars"
"Weapon - Gray - Plastic - Combat","Space"
"Roof Tile - Silver - Plastic - Roofing","Friends"
"Wheel - Gray - Plastic - Vehicle","Harry Potter"
"Flag - Bronze - Fabric - Decoration","Ideas"
"Tile - Yellow - Plastic - Decorative","Ideas"
"Flag - Bronze - Fabric - Decoration","Ninjago"
"Door - Translucent - Plastic - Entry","Architecture"
"Tool - Black - Plastic - Utility","Harry Potter"
"Fence - Gold - Plastic - Barrier","Speed Champions"
"Animal - Brown - Plastic - Creature","Classic"
"Beam - Tan - Plastic - Building","Star Wars"
"Panel - Orange - Plastic - Wall","Friends"
"Door - Translucent - Plastic - Entry","Speed Champions"
"Minifigure - Green - Plastic - Character","Architecture"
"Plant - Green - Plastic - Landscape","Technic"
"Window - Transparent - Plastic - Accessory","Architecture"
"Vehicle - Blue - Plastic - Transportation","City"
"Plate - Blue - Plastic - Basic","Technic"
"Plant - Green - Plastic - Landscape","Space"
"Axle - Brown - Plastic - Mechanical","DC Super Heroes"
"Window - Transparent - Plastic - Accessory","City"
"Vehicle - Blue - Plastic - Transportation","Technic"
"Roof Tile - Silver - Plastic - Roofing","Ideas"
"Axle - Brown - Plastic - Mechanical","Marvel Super Heroes"
"Door - Translucent - Plastic - Entry","Jurassic World"
"Tile - Yellow - Plastic - Decorative","Dots"
"Brick - Red - Plastic - Basic","Minecraft"
"Window - Transparent - Plastic - Accessory","Architecture"
"Animal - Brown - Plastic - Creature","Speed Champions"
"Roof Tile - Silver - Plastic - Roofing","Ideas"
"Animal - Brown - Plastic - Creature","Jurassic World"
"Tool - Black - Plastic - Utility","Space"
"Vehicle - Blue - Plastic - Transportation","Minecraft"
"Flag - Bronze - Fabric - Decoration","Technic"
"Panel - Orange - Plastic - Wall","Disney"
"Technic - Black - Plastic - Functional","Pirates"
"Technic - Black - Plastic - Functional","Friends"
"Beam - Tan - Plastic - Building","Classic"
"Technic - Black - Plastic - Functional","Creator"
"Panel - Orange - Plastic - Wall","Star Wars"
"Flag - Bronze - Fabric - Decoration","Dots"
"Animal - Brown - Plastic - Creature","Harry Potter"
"Animal - Brown - Plastic - Creature","City"
"Axle - Brown - Plastic - Mechanical","Dots"
"Weapon - Gray - Plastic - Combat","Space"
"Minifigure - Green - Plastic - Character","Pirates"
"Minifigure - Green - Plastic - Character","Friends"
"Beam - Tan - Plastic - Building","Pirates"
"Tile - Yellow - Plastic - Decorative","Marvel Super Heroes"
"Minifigure - Green - Plastic - Character","Disney"
"Slope - White - Plastic - Structural","Disney"
"Vehicle - Blue - Plastic - Transportation","Classic"
"Brick - Red - Plastic - Basic","Disney"
"Plate - Blue - Plastic - Basic","Marvel Super Heroes"
"Roof Tile - Silver - Plastic - Roofing","Disney"
"Roof Tile - Silver - Plastic - Roofing","Dots"
"Animal - Brown - Plastic - Creature","Speed Champions"
"Panel - Orange - Plastic - Wall","Jurassic World"
"Animal - Brown - Plastic - Creature","City"
"Tile - Yellow - Plastic - Decorative","Minecraft"
"Roof Tile - Silver - Plastic - Roofing","Technic"
"Tile - Yellow - Plastic - Decorative","Jurassic World"
"Technic - Black - Plastic - Functional","Friends"
"Tile - Yellow - Plastic - Decorative","Minecraft"
"Plant - Green - Plastic - Landscape","Creator"
"Axle - Brown - Plastic - Mechanical","Disney"
"Panel - Orange - Plastic - Wall","Dots"
"Roof Tile - Silver - Plastic - Roofing","Education"
"Minifigure - Green - Plastic - Character","Architecture"
"Beam - Tan - Plastic - Building","DC Super Heroes"
"Fence - Gold - Plastic - Barrier","Technic"
"Plant - Green - Plastic - Landscape","Creator"
"Door - Translucent - Plastic - Entry","Minecraft"
"Beam - Tan - Plastic - Building","Classic"
"Panel - Orange - Plastic - Wall","Harry Potter"
"Fence - Gold - Plastic - Barrier","Ninjago"
"Slope - White - Plastic - Structural","Harry Potter"
"Minifigure - Green - Plastic - Character","Pirates"
"Roof Tile - Silver - Plastic - Roofing","Classic"
"Axle - Brown - Plastic - Mechanical","DC Super Heroes"
"Plant - Green - Plastic - Landscape","Classic"
"Flag - Bronze - Fabric - Decoration","Disney"
"Vehicle - Blue - Plastic - Transportation","Technic"
"Minifigure - Green - Plastic - Character","City"
"Plate - Blue - Plastic - Basic","Architecture"
"Fence - Gold - Plastic - Barrier","Minecraft"
"Minifigure - Green - Plastic - Character","Friends"
"Brick - Red - Plastic - Basic","Marvel Super Heroes"
"Flag - Bronze - Fabric - Decoration","Marvel Super Heroes"
"Panel - Orange - Plastic - Wall","Education"
"Axle - Brown - Plastic - Mechanical","Technic"
"Wheel - Gray - Plastic - Vehicle","Education"
"Beam - Tan - Plastic - Building","Speed Champions"
"Minifigure - Green - Plastic - Character","Speed Champions"
"Door - Translucent - Plastic - Entry","Speed Champions"
"Minifigure - Green - Plastic - Character","DC Super Heroes"
"Animal - Brown - Plastic - Creature","Minecraft"
"Door - Translucent - Plastic - Entry","Disney"
"Technic - Black - Plastic - Functional","Marvel Super Heroes"
"Roof Tile - Silver - Plastic - Roofing","Technic"
"Animal - Brown - Plastic - Creature","DC Super Heroes"
"Flag - Bronze - Fabric - Decoration","Disney"
"Door - Translucent - Plastic - Entry","Classic"
"Plant - Green - Plastic - Landscape","Friends"
"Fence - Gold - Plastic - Barrier","Dots"
"Tile - Yellow - Plastic - Decorative","DC Super Heroes"
"Minifigure - Green - Plastic - Character","Friends"
"Animal - Brown - Plastic - Creature","Star Wars"
"Tile - Yellow - Plastic - Decorative","Education"
"Slope - White - Plastic - Structural","Dots"
"Technic - Black - Plastic - Functional","Classic"
"Tool - Black - Plastic - Utility","Disney"
"Window - Transparent - Plastic - Accessory","Disney"
"Wheel - Gray - Plastic - Vehicle","Architecture"
"Plate - Blue - Plastic - Basic","Marvel Super Heroes"
"Tile - Yellow - Plastic - Decorative","Pirates"
"Beam - Tan - Plastic - Building","Speed Champions"
"Animal - Brown - Plastic - Creature","Speed Champions"
"Plate - Blue - Plastic - Basic","Harry Potter"
"Roof Tile - Silver - Plastic - Roofing","Star Wars"
"Axle - Brown - Plastic - Mechanical","Speed Champions"
"Beam - Tan - Plastic - Building","Classic"
"Fence - Gold - Plastic - Barrier","Harry Potter"
"Slope - White - Plastic - Structural","Classic"
"Plate - Blue - Plastic - Basic","DC Super Heroes"
"Panel - Orange - Plastic - Wall","Education"
"Beam - Tan - Plastic - Building","City"
"Animal - Brown - Plastic - Creature","Education"
"Plant - Green - Plastic - Landscape","Ideas"
"Vehicle - Blue - Plastic - Transportation","Jurassic World"
"Axle - Brown - Plastic - Mechanical","Star Wars"
"Weapon - Gray - Plastic - Combat","Speed Champions"
"Animal - Brown - Plastic - Creature","DC Super Heroes"
"Axle - Brown - Plastic - Mechanical","Friends"
"Technic - Black - Plastic - Functional","Pirates"
"Brick - Red - Plastic - Basic","Technic"
"Roof Tile - Silver - Plastic - Roofing","Education"
"Beam - Tan - Plastic - Building","Space"
"Window - Transparent - Plastic - Accessory","Marvel Super Heroes"
"Flag - Bronze - Fabric - Decoration","Creator"
"Door - Translucent - Plastic - Entry","Star Wars"
"Slope - White - Plastic - Structural","Harry Potter"
"Plant - Green - Plastic - Landscape","Architecture"
"Tool - Black - Plastic - Utility","Classic"
"Vehicle - Blue - Plastic - Transportation","Architecture"
"Brick - Red - Plastic - Basic","Pirates"
"Axle - Brown - Plastic - Mechanical","Classic"
"Brick - Red - Plastic - Basic","Marvel Super Heroes"
"Flag - Bronze - Fabric - Decoration","Education"
"Window - Transparent - Plastic - Accessory","Star Wars"
"Technic - Black - Plastic - Functional","Minecraft"
"Window - Transparent - Plastic - Accessory","Disney"
"Panel - Orange - Plastic - Wall","Harry Potter"
"Tile - Yellow - Plastic - Decorative","Disney"
"Plant - Green - Plastic - Landscape","Ideas"
"Roof Tile - Silver - Plastic - Roofing","Disney"
"Plate - Blue - Plastic - Basic","Disney"
"Animal - Brown - Plastic - Creature","Ninjago"
"Tile - Yellow - Plastic - Decorative","Speed Champions"
"Brick - Red - Plastic - Basic","Speed Champions"
"Plant - Green - Plastic - Landscape","Minecraft"
"Tile - Yellow - Plastic - Decorative","Star Wars"
"Door - Translucent - Plastic - Entry","Space"
"Vehicle - Blue - Plastic - Transportation","Star Wars"
"Axle - Brown - Plastic - Mechanical","Disney"
"Animal - Brown - Plastic - Creature","Technic"
"Fence - Gold - Plastic - Barrier","Pirates"
"Beam - Tan - Plastic - Building","Ninjago"
"Fence - Gold - Plastic - Barrier","Star Wars"
"Fence - Gold - Plastic - Barrier","Ninjago"
"Flag - Bronze - Fabric - Decoration","Disney"
"Panel - Orange - Plastic - Wall","Marvel Super Heroes"
"Wheel - Gray - Plastic - Vehicle","Architecture"
"Beam - Tan - Plastic - Building","City"
"Brick - Red - Plastic - Basic","Ninjago"
"Weapon - Gray - Plastic - Combat","Classic"
"Axle - Brown - Plastic - Mechanical","Classic"
"Axle - Brown - Plastic - Mechanical","Education"
"Door - Translucent - Plastic - Entry","City"
"Panel - Orange - Plastic - Wall","Technic"
"Tile - Yellow - Plastic - Decorative","Technic"
"Beam - Tan - Plastic - Building","Creator"
"Plant - Green - Plastic - Landscape","Classic"
"Flag - Bronze - Fabric - Decoration","Ideas"
"Panel - Orange - Plastic - Wall","Creator"
"Roof Tile - Silver - Plastic - Roofing","Minecraft"
"Axle - Brown - Plastic - Mechanical","Pirates"
"Axle - Brown - Plastic - Mechanical","Marvel Super Heroes"
"Window - Transparent - Plastic - Accessory","Creator"
"Vehicle - Blue - Plastic - Transportation","Creator"
"Plate - Blue - Plastic - Basic","Education"
"Tile - Yellow - Plastic - Decorative","Creator"
"Fence - Gold - Plastic - Barrier","Star Wars"
"Panel - Orange - Plastic - Wall","Ninjago"
"Axle - Brown - Plastic - Mechanical","Technic"
"Fence - Gold - Plastic - Barrier","Pirates"
"Technic - Black - Plastic - Functional","Technic"
"Weapon - Gray - Plastic - Combat","Ninjago"
"Plate - Blue - Plastic - Basic","Disney"
"Beam - Tan - Plastic - Building","Speed Champions"
"Fence - Gold - Plastic - Barrier","DC Super Heroes"
"Slope - White - Plastic - Structural","Harry Potter"
"Plate - Blue - Plastic - Basic","Marvel Super Heroes"
"Beam - Tan - Plastic - Building","Ninjago"
"Axle - Brown - Plastic - Mechanical","Creator"
"Weapon - Gray - Plastic - Combat","Marvel Super Heroes"
"Plant - Green - Plastic - Landscape","Classic"
"Flag - Bronze - Fabric - Decoration","Star Wars"
"Minifigure - Green - Plastic - Character","Architecture"
"Wheel - Gray - Plastic - Vehicle","Creator"
"Beam - Tan - Plastic - Building","DC Super Heroes"
"Tile - Yellow - Plastic - Decorative","Architecture"
"Roof Tile - Silver - Plastic - Roofing","DC Super Heroes"
"Brick - Red - Plastic - Basic","Harry Potter"
"Tile - Yellow - Plastic - Decorative","Star Wars"
"Panel - Orange - Plastic - Wall","Dots"
"Tool - Black - Plastic - Utility","Speed Champions"
"Door - Translucent - Plastic - Entry","Star Wars"
"Roof Tile - Silver - Plastic - Roofing","Speed Champions"
"Plate - Blue - Plastic - Basic","Disney"
"Door - Translucent - Plastic - Entry","Education"
"Tile - Yellow - Plastic - Decorative","Minecraft"
"Plant - Green - Plastic - Landscape","Education"
"Door - Translucent - Plastic - Entry","DC Super Heroes"
"Technic - Black - Plastic - Functional","Ninjago"
"Minifigure - Green - Plastic - Character","Classic"
"Plant - Green - Plastic - Landscape","Pirates"
"Flag - Bronze - Fabric - Decoration","City"
"Slope - White - Plastic - Structural","Architecture"
"Brick - Red - Plastic - Basic","Dots"
"Brick - Red - Plastic - Basic","Minecraft"
"Plate - Blue - Plastic - Basic","Pirates"
"Plate - Blue - Plastic - Basic","Pirates"
"Tool - Black - Plastic - Utility","Technic"
"Fence - Gold - Plastic - Barrier","Classic"
"Minifigure - Green - Plastic - Character","Pirates"
"Tile - Yellow - Plastic - Decorative","Space"
"Tile - Yellow - Plastic - Decorative","City"
"Technic - Black - Plastic - Functional","Jurassic World"
"Plant - Green - Plastic - Landscape","Pirates"
"Plant - Green - Plastic - Landscape","Creator"
"Minifigure - Green - Plastic - Character","Ninjago"
"Wheel - Gray - Plastic - Vehicle","Harry Potter"
"Minifigure - Green - Plastic - Character","Education"
"Wheel - Gray - Plastic - Vehicle","Minecraft"
"Brick - Red - Plastic - Basic","Jurassic World"
"Beam - Tan - Plastic - Building","Jurassic World"
"Axle - Brown - Plastic - Mechanical","Jurassic World"
"Vehicle - Blue - Plastic - Transportation","Minecraft"
"Window - Transparent - Plastic - Accessory","Dots"
"Tool - Black - Plastic - Utility","Star Wars"
"Weapon - Gray - Plastic - Combat","Space"
"Beam - Tan - Plastic - Building","Pirates"
"Fence - Gold - Plastic - Barrier","Technic"
"Fence - Gold - Plastic - Barrier","City"
"Animal - Brown - Plastic - Creature","Ideas"
"Technic - Black - Plastic - Functional","Ideas"
"Panel - Orange - Plastic - Wall","Ninjago"
"Flag - Bronze - Fabric - Decoration","DC Super Heroes"
"Tool - Black - Plastic - Utility","Star Wars"
"Tool - Black - Plastic - Utility","Classic"
"Panel - Orange - Plastic - Wall","Architecture"
"Slope - White - Plastic - Structural","City"
"Tile - Yellow - Plastic - Decorative","DC Super Heroes"
"Animal - Brown - Plastic - Creature","Harry Potter"
"Brick - Red - Plastic - Basic","Disney"
"Technic - Black - Plastic - Functional","Architecture"
"Minifigure - Green - Plastic - Character","Ninjago"
"Tool - Black - Plastic - Utility","Harry Potter"
"Animal - Brown - Plastic - Creature","Minecraft"
"Technic - Black - Plastic - Functional","Friends"
"Plant - Green - Plastic - Landscape","Speed Champions"
"Tool - Black - Plastic - Utility","Creator"
"Technic - Black - Plastic - Functional","Speed Champions"
"Brick - Red - Plastic - Basic","DC Super Heroes"
"Tile - Yellow - Plastic - Decorative","Friends"
"Wheel - Gray - Plastic - Vehicle","Dots"
"Weapon - Gray - Plastic - Combat","Architecture"
"Slope - White - Plastic - Structural","Ninjago"
"Plant - Green - Plastic - Landscape","Jurassic World"
"Minifigure - Green - Plastic - Character","Friends"
"Door - Translucent - Plastic - Entry","Star Wars"
"Vehicle - Blue - Plastic - Transportation","Disney"
"Window - Transparent - Plastic - Accessory","Marvel Super Heroes"
"Door - Translucent - Plastic - Entry","Friends"
"Animal - Brown - Plastic - Creature","Minecraft"
"Slope - White - Plastic - Structural","DC Super Heroes"
"Window - Transparent - Plastic - Accessory","Friends"
"Axle - Brown - Plastic - Mechanical","DC Super Heroes"
"Panel - Orange - Plastic - Wall","Ideas"
"Technic - Black - Plastic - Functional","Jurassic World"
"Minifigure - Green - Plastic - Character","City"
"Axle - Brown - Plastic - Mechanical","Creator"
"Roof Tile - Silver - Plastic - Roofing","Dots"
"Technic - Black - Plastic - Functional","Education"
"Brick - Red - Plastic - Basic","Architecture"
"Window - Transparent - Plastic - Accessory","Friends"
"Flag - Bronze - Fabric - Decoration","Space"
"Axle - Brown - Plastic - Mechanical","Friends"
"Beam - Tan - Plastic - Building","Friends"
"Door - Translucent - Plastic - Entry","City"
"Minifigure - Green - Plastic - Character","Pirates"
"Slope - White - Plastic - Structural","Minecraft"
"Door - Translucent - Plastic - Entry","Ninjago"
"Tile - Yellow - Plastic - Decorative","Star Wars"
"Brick - Red - Plastic - Basic","Dots"
"Brick - Red - Plastic - Basic","Education"
"Slope - White - Plastic - Structural","Star Wars"
"Tile - Yellow - Plastic - Decorative","Jurassic World"
"Wheel - Gray - Plastic - Vehicle","Education"
"Technic - Black - Plastic - Functional","Minecraft"
"Window - Transparent - Plastic - Accessory","Space"
"Tool - Black - Plastic - Utility","Harry Potter"
"Wheel - Gray - Plastic - Vehicle","Disney"
"Minifigure - Green - Plastic - Character","Disney"
"Fence - Gold - Plastic - Barrier","Education"
"Fence - Gold - Plastic - Barrier","DC Super Heroes"
"Slope - White - Plastic - Structural","Space"
"Plant - Green - Plastic - Landscape","City"
"Fence - Gold - Plastic - Barrier","Disney"
"Brick - Red - Plastic - Basic","Ninjago"
"Vehicle - Blue - Plastic - Transportation","Dots"
"Axle - Brown - Plastic - Mechanical","DC Super Heroes"
"Wheel - Gray - Plastic - Vehicle","City"
"Vehicle - Blue - Plastic - Transportation","Minecraft"
"Technic - Black - Plastic - Functional","Ninjago"
"Axle - Brown - Plastic - Mechanical","Disney"
